PRAGMA foreign_keys=OFF;
BEGIN TRANSACTION;
CREATE TABLE IF NOT EXISTS "django_migrations" ("id" integer NOT NULL PRIMARY KEY AUTOINCREMENT, "app" varchar(255) NOT NULL, "name" varchar(255) NOT NULL, "applied" datetime NOT NULL);
INSERT INTO django_migrations VALUES(1,'footballFieldManagement','0001_initial','2019-11-15 18:31:36.337086');
INSERT INTO django_migrations VALUES(2,'contenttypes','0001_initial','2019-11-15 18:31:36.349687');
INSERT INTO django_migrations VALUES(3,'contenttypes','0002_remove_content_type_name','2019-11-15 18:31:36.380685');
INSERT INTO django_migrations VALUES(4,'auth','0001_initial','2019-11-15 18:31:36.402800');
INSERT INTO django_migrations VALUES(5,'auth','0002_alter_permission_name_max_length','2019-11-15 18:31:36.420647');
INSERT INTO django_migrations VALUES(6,'auth','0003_alter_user_email_max_length','2019-11-15 18:31:36.431653');
INSERT INTO django_migrations VALUES(7,'auth','0004_alter_user_username_opts','2019-11-15 18:31:36.456258');
INSERT INTO django_migrations VALUES(8,'auth','0005_alter_user_last_login_null','2019-11-15 18:31:36.475917');
INSERT INTO django_migrations VALUES(9,'auth','0006_require_contenttypes_0002','2019-11-15 18:31:36.482749');
INSERT INTO django_migrations VALUES(10,'auth','0007_alter_validators_add_error_messages','2019-11-15 18:31:36.518430');
INSERT INTO django_migrations VALUES(11,'auth','0008_alter_user_username_max_length','2019-11-15 18:31:36.530020');
INSERT INTO django_migrations VALUES(12,'auth','0009_alter_user_last_name_max_length','2019-11-15 18:31:36.545475');
INSERT INTO django_migrations VALUES(13,'auth','0010_alter_group_name_max_length','2019-11-15 18:31:36.564905');
INSERT INTO django_migrations VALUES(14,'auth','0011_update_proxy_permissions','2019-11-15 18:31:36.594370');
INSERT INTO django_migrations VALUES(15,'accounts','0001_initial','2019-11-15 18:31:36.650003');
INSERT INTO django_migrations VALUES(16,'admin','0001_initial','2019-11-15 18:31:36.674621');
INSERT INTO django_migrations VALUES(17,'admin','0002_logentry_remove_auto_add','2019-11-15 18:31:36.698726');
INSERT INTO django_migrations VALUES(18,'admin','0003_logentry_add_action_flag_choices','2019-11-15 18:31:36.725942');
INSERT INTO django_migrations VALUES(19,'bookingFootballField','0001_initial','2019-11-15 18:31:36.787772');
INSERT INTO django_migrations VALUES(20,'sessions','0001_initial','2019-11-15 18:31:36.796701');
CREATE TABLE IF NOT EXISTS "footballFieldManagement_campidacalcio" ("id" integer NOT NULL PRIMARY KEY AUTOINCREMENT, "email" varchar(255) NOT NULL, "nomeCampo" varchar(100) NOT NULL, "orario_apertura" time NOT NULL, "orario_chiusura" time NOT NULL, "via" varchar(100) NOT NULL, "civico" integer NOT NULL, "citta" varchar(100) NOT NULL, "cap" varchar(5) NOT NULL, "telefono" varchar(10) NOT NULL, "prezzo_campo" real NOT NULL, "giorni_apertura" varchar(13) NOT NULL, "tipo_campo" varchar(5) NOT NULL, "longitudine" real NOT NULL, "latitudine" real NOT NULL, "image" varchar(100) NOT NULL, "chiuso" bool NULL);
INSERT INTO footballFieldManagement_campidacalcio VALUES(1,'prp@jp.com','Galilei','10:00:00','23:00:00','EUROPA',10,'CALTAGIRONE','95041','1231321231',50.0,'0,1,2,3,4,5,6','E',14.520979999999999776,37.217340000000000087,'default.jpg',0);
INSERT INTO footballFieldManagement_campidacalcio VALUES(2,'prp1@jp.com','Parrocchia','10:00:00','23:00:00','GIUSEPPE CAMPI',172,'MODENA','41124','1234567654',60.0,'0,1,2,3,4,5,6','E',10.944770000000000109,44.633859999999998535,'default.jpg',0);
INSERT INTO footballFieldManagement_campidacalcio VALUES(3,'prp1@jp.com','Bocciofila','10:00:00','23:00:00','TRENTO TRIESTE',31,'MODENA','41124','1234567654',60.0,'0,1,2,5,6','T',10.933550000000000323,44.641899999999999693,'default.jpg',0);
INSERT INTO footballFieldManagement_campidacalcio VALUES(4,'prp1@jp.com','Cus More','08:00:00','23:00:00','GIUSEPPE CAMPI',161,'MODENA','41124','1234567654',50.0,'0,1,2,3,4,5','P',10.945650000000000546,44.633629999999996583,'default.jpg',0);
INSERT INTO footballFieldManagement_campidacalcio VALUES(5,'prp1@jp.com','Asd','10:00:00','23:00:00','ROMA',22,'CALTAGIRONE','95041','1234567898',60.0,'2,3,4,5,6','E',14.513419999999999987,37.235729999999996665,'default.jpg',0);
CREATE TABLE IF NOT EXISTS "footballFieldManagement_eventi" ("id" integer NOT NULL PRIMARY KEY AUTOINCREMENT, "titolo" varchar(100) NOT NULL, "descrizione" varchar(255) NOT NULL, "scadenza_iscrizione" date NOT NULL, "inizio_evento" date NOT NULL, "fine_evento" date NOT NULL, "foto_evento" varchar(100) NOT NULL, "organizzatore_id" integer NOT NULL REFERENCES "footballFieldManagement_campidacalcio" ("id") DEFERRABLE INITIALLY DEFERRED);
INSERT INTO footballFieldManagement_eventi VALUES(2,'Torneo calcio a 5','asd','2020-02-14','2020-03-14','2020-04-13','default.jpg',4);
CREATE TABLE IF NOT EXISTS "django_content_type" ("id" integer NOT NULL PRIMARY KEY AUTOINCREMENT, "app_label" varchar(100) NOT NULL, "model" varchar(100) NOT NULL);
INSERT INTO django_content_type VALUES(1,'admin','logentry');
INSERT INTO django_content_type VALUES(2,'auth','permission');
INSERT INTO django_content_type VALUES(3,'auth','group');
INSERT INTO django_content_type VALUES(4,'contenttypes','contenttype');
INSERT INTO django_content_type VALUES(5,'sessions','session');
INSERT INTO django_content_type VALUES(6,'accounts','userprofile');
INSERT INTO django_content_type VALUES(7,'accounts','utentiregistrati');
INSERT INTO django_content_type VALUES(8,'accounts','proprietario');
INSERT INTO django_content_type VALUES(9,'footballFieldManagement','campidacalcio');
INSERT INTO django_content_type VALUES(10,'footballFieldManagement','eventi');
INSERT INTO django_content_type VALUES(11,'bookingFootballField','payment');
INSERT INTO django_content_type VALUES(12,'bookingFootballField','review');
INSERT INTO django_content_type VALUES(13,'bookingFootballField','pendingreservation');
CREATE TABLE IF NOT EXISTS "auth_group_permissions" ("id" integer NOT NULL PRIMARY KEY AUTOINCREMENT, "group_id" integer NOT NULL REFERENCES "auth_group" ("id") DEFERRABLE INITIALLY DEFERRED, "permission_id" integer NOT NULL REFERENCES "auth_permission" ("id") DEFERRABLE INITIALLY DEFERRED);
CREATE TABLE IF NOT EXISTS "auth_permission" ("id" integer NOT NULL PRIMARY KEY AUTOINCREMENT, "content_type_id" integer NOT NULL REFERENCES "django_content_type" ("id") DEFERRABLE INITIALLY DEFERRED, "codename" varchar(100) NOT NULL, "name" varchar(255) NOT NULL);
INSERT INTO auth_permission VALUES(1,1,'add_logentry','Can add log entry');
INSERT INTO auth_permission VALUES(2,1,'change_logentry','Can change log entry');
INSERT INTO auth_permission VALUES(3,1,'delete_logentry','Can delete log entry');
INSERT INTO auth_permission VALUES(4,1,'view_logentry','Can view log entry');
INSERT INTO auth_permission VALUES(5,2,'add_permission','Can add permission');
INSERT INTO auth_permission VALUES(6,2,'change_permission','Can change permission');
INSERT INTO auth_permission VALUES(7,2,'delete_permission','Can delete permission');
INSERT INTO auth_permission VALUES(8,2,'view_permission','Can view permission');
INSERT INTO auth_permission VALUES(9,3,'add_group','Can add group');
INSERT INTO auth_permission VALUES(10,3,'change_group','Can change group');
INSERT INTO auth_permission VALUES(11,3,'delete_group','Can delete group');
INSERT INTO auth_permission VALUES(12,3,'view_group','Can view group');
INSERT INTO auth_permission VALUES(13,4,'add_contenttype','Can add content type');
INSERT INTO auth_permission VALUES(14,4,'change_contenttype','Can change content type');
INSERT INTO auth_permission VALUES(15,4,'delete_contenttype','Can delete content type');
INSERT INTO auth_permission VALUES(16,4,'view_contenttype','Can view content type');
INSERT INTO auth_permission VALUES(17,5,'add_session','Can add session');
INSERT INTO auth_permission VALUES(18,5,'change_session','Can change session');
INSERT INTO auth_permission VALUES(19,5,'delete_session','Can delete session');
INSERT INTO auth_permission VALUES(20,5,'view_session','Can view session');
INSERT INTO auth_permission VALUES(21,6,'add_userprofile','Can add user');
INSERT INTO auth_permission VALUES(22,6,'change_userprofile','Can change user');
INSERT INTO auth_permission VALUES(23,6,'delete_userprofile','Can delete user');
INSERT INTO auth_permission VALUES(24,6,'view_userprofile','Can view user');
INSERT INTO auth_permission VALUES(25,7,'add_utentiregistrati','Can add utenti registrati');
INSERT INTO auth_permission VALUES(26,7,'change_utentiregistrati','Can change utenti registrati');
INSERT INTO auth_permission VALUES(27,7,'delete_utentiregistrati','Can delete utenti registrati');
INSERT INTO auth_permission VALUES(28,7,'view_utentiregistrati','Can view utenti registrati');
INSERT INTO auth_permission VALUES(29,8,'add_proprietario','Can add proprietario');
INSERT INTO auth_permission VALUES(30,8,'change_proprietario','Can change proprietario');
INSERT INTO auth_permission VALUES(31,8,'delete_proprietario','Can delete proprietario');
INSERT INTO auth_permission VALUES(32,8,'view_proprietario','Can view proprietario');
INSERT INTO auth_permission VALUES(33,9,'add_campidacalcio','Can add Campo da calcio');
INSERT INTO auth_permission VALUES(34,9,'change_campidacalcio','Can change Campo da calcio');
INSERT INTO auth_permission VALUES(35,9,'delete_campidacalcio','Can delete Campo da calcio');
INSERT INTO auth_permission VALUES(36,9,'view_campidacalcio','Can view Campo da calcio');
INSERT INTO auth_permission VALUES(37,10,'add_eventi','Can add Evento');
INSERT INTO auth_permission VALUES(38,10,'change_eventi','Can change Evento');
INSERT INTO auth_permission VALUES(39,10,'delete_eventi','Can delete Evento');
INSERT INTO auth_permission VALUES(40,10,'view_eventi','Can view Evento');
INSERT INTO auth_permission VALUES(41,11,'add_payment','Can add payment');
INSERT INTO auth_permission VALUES(42,11,'change_payment','Can change payment');
INSERT INTO auth_permission VALUES(43,11,'delete_payment','Can delete payment');
INSERT INTO auth_permission VALUES(44,11,'view_payment','Can view payment');
INSERT INTO auth_permission VALUES(45,12,'add_review','Can add Recensione');
INSERT INTO auth_permission VALUES(46,12,'change_review','Can change Recensione');
INSERT INTO auth_permission VALUES(47,12,'delete_review','Can delete Recensione');
INSERT INTO auth_permission VALUES(48,12,'view_review','Can view Recensione');
INSERT INTO auth_permission VALUES(49,13,'add_pendingreservation','Can add Prenotazione in attesa');
INSERT INTO auth_permission VALUES(50,13,'change_pendingreservation','Can change Prenotazione in attesa');
INSERT INTO auth_permission VALUES(51,13,'delete_pendingreservation','Can delete Prenotazione in attesa');
INSERT INTO auth_permission VALUES(52,13,'view_pendingreservation','Can view Prenotazione in attesa');
CREATE TABLE IF NOT EXISTS "auth_group" ("id" integer NOT NULL PRIMARY KEY AUTOINCREMENT, "name" varchar(150) NOT NULL UNIQUE);
CREATE TABLE IF NOT EXISTS "accounts_userprofile" ("id" integer NOT NULL PRIMARY KEY AUTOINCREMENT, "password" varchar(128) NOT NULL, "last_login" datetime NULL, "is_superuser" bool NOT NULL, "username" varchar(150) NOT NULL UNIQUE, "is_staff" bool NOT NULL, "is_active" bool NOT NULL, "date_joined" datetime NOT NULL, "first_name" varchar(30) NOT NULL, "last_name" varchar(150) NOT NULL, "email" varchar(254) NOT NULL UNIQUE, "ddn" date NOT NULL, "citta" varchar(100) NOT NULL, "telefono" varchar(10) NOT NULL);
INSERT INTO accounts_userprofile VALUES(1,'pbkdf2_sha256$150000$SAjfEs2PZYQB$6nArouHpM1/XLjmgljeixa8dc68ZR6YCa0dfB4p7qME=','2019-11-16 12:59:43.615388',1,'francescofranco',1,1,'2019-11-15 18:31:59.730181','','','master@js.com','1900-01-01','','');
INSERT INTO accounts_userprofile VALUES(2,'pbkdf2_sha256$150000$vJRB5H4lz8pM$4bTIHETsTONRd8yU/boq5A4572IMIbkoMcld2a0//9Y=','2019-11-17 18:21:05.440101',0,'proprietario',0,1,'2019-11-15 18:32:28.480700','prp','prp','prp@jp.com','1991-10-10','CALTAGIRONE','1231321231');
INSERT INTO accounts_userprofile VALUES(3,'pbkdf2_sha256$150000$iOd2qDJ1L5jG$FQE+CvPQrEhNclumHnZzWyT3dkAmemF1et96RdQvLoQ=','2019-11-17 17:49:57.171099',0,'utente',0,1,'2019-11-15 18:33:15.894475','utente','utente','utente@kp.com','1992-10-10','MODENA','1456789876');
INSERT INTO accounts_userprofile VALUES(4,'pbkdf2_sha256$150000$jEWipqLRyLZo$/8QCDFM9Jnb+lBBP7ogX436MSe9KnnriNI1rhRPmhv8=','2019-11-17 18:21:21.060303',0,'proprietario1',0,1,'2019-11-16 13:00:39.826060','proprietario','proprietario','prp1@jp.com','1970-02-10','MODENA','1234567654');
INSERT INTO accounts_userprofile VALUES(5,'pbkdf2_sha256$150000$Ncdn33gXxRZU$iNX5nSCMoUnEWO2dqliGWCwKLZemTF24+93LeVeTpaI=','2019-11-16 16:37:20.405193',1,'admin',1,1,'2019-11-16 13:08:32.065359','','','admin@js.com','1900-01-01','','');
INSERT INTO accounts_userprofile VALUES(6,'pbkdf2_sha256$150000$55U5YdufhrWF$RjBgqPwSTnoRYbf+Y9gXhJEugdk+DodNX7nooUCSQfw=','2019-11-17 17:17:00.982293',0,'proprietario2',0,1,'2019-11-17 16:58:47.692334','prp','prp','prp2@jp.com','2000-02-10','CALTAGIRONE','1234567898');
CREATE TABLE IF NOT EXISTS "accounts_userprofile_groups" ("id" integer NOT NULL PRIMARY KEY AUTOINCREMENT, "userprofile_id" integer NOT NULL REFERENCES "accounts_userprofile" ("id") DEFERRABLE INITIALLY DEFERRED, "group_id" integer NOT NULL REFERENCES "auth_group" ("id") DEFERRABLE INITIALLY DEFERRED);
CREATE TABLE IF NOT EXISTS "accounts_userprofile_user_permissions" ("id" integer NOT NULL PRIMARY KEY AUTOINCREMENT, "userprofile_id" integer NOT NULL REFERENCES "accounts_userprofile" ("id") DEFERRABLE INITIALLY DEFERRED, "permission_id" integer NOT NULL REFERENCES "auth_permission" ("id") DEFERRABLE INITIALLY DEFERRED);
INSERT INTO accounts_userprofile_user_permissions VALUES(1,2,33);
INSERT INTO accounts_userprofile_user_permissions VALUES(2,2,34);
INSERT INTO accounts_userprofile_user_permissions VALUES(3,2,35);
INSERT INTO accounts_userprofile_user_permissions VALUES(4,2,37);
INSERT INTO accounts_userprofile_user_permissions VALUES(5,2,38);
INSERT INTO accounts_userprofile_user_permissions VALUES(6,2,39);
INSERT INTO accounts_userprofile_user_permissions VALUES(7,2,50);
INSERT INTO accounts_userprofile_user_permissions VALUES(8,3,49);
INSERT INTO accounts_userprofile_user_permissions VALUES(9,3,51);
INSERT INTO accounts_userprofile_user_permissions VALUES(10,3,45);
INSERT INTO accounts_userprofile_user_permissions VALUES(11,4,33);
INSERT INTO accounts_userprofile_user_permissions VALUES(12,4,34);
INSERT INTO accounts_userprofile_user_permissions VALUES(13,4,35);
INSERT INTO accounts_userprofile_user_permissions VALUES(14,4,37);
INSERT INTO accounts_userprofile_user_permissions VALUES(15,4,38);
INSERT INTO accounts_userprofile_user_permissions VALUES(16,4,39);
INSERT INTO accounts_userprofile_user_permissions VALUES(17,4,50);
INSERT INTO accounts_userprofile_user_permissions VALUES(18,6,33);
INSERT INTO accounts_userprofile_user_permissions VALUES(19,6,34);
INSERT INTO accounts_userprofile_user_permissions VALUES(20,6,35);
INSERT INTO accounts_userprofile_user_permissions VALUES(21,6,37);
INSERT INTO accounts_userprofile_user_permissions VALUES(22,6,38);
INSERT INTO accounts_userprofile_user_permissions VALUES(23,6,39);
INSERT INTO accounts_userprofile_user_permissions VALUES(24,6,50);
CREATE TABLE IF NOT EXISTS "accounts_utentiregistrati" ("userprofile_ptr_id" integer NOT NULL PRIMARY KEY REFERENCES "accounts_userprofile" ("id") DEFERRABLE INITIALLY DEFERRED);
INSERT INTO accounts_utentiregistrati VALUES(3);
CREATE TABLE IF NOT EXISTS "accounts_proprietario" ("userprofile_ptr_id" integer NOT NULL PRIMARY KEY REFERENCES "accounts_userprofile" ("id") DEFERRABLE INITIALLY DEFERRED, "p_iva" varchar(11) NOT NULL UNIQUE);
INSERT INTO accounts_proprietario VALUES(2,'3456789iugf');
INSERT INTO accounts_proprietario VALUES(4,'qwertyui234');
INSERT INTO accounts_proprietario VALUES(6,'awertyui234');
CREATE TABLE IF NOT EXISTS "accounts_proprietario_possiedeCampi" ("id" integer NOT NULL PRIMARY KEY AUTOINCREMENT, "proprietario_id" integer NOT NULL REFERENCES "accounts_proprietario" ("userprofile_ptr_id") DEFERRABLE INITIALLY DEFERRED, "campidacalcio_id" integer NOT NULL REFERENCES "footballFieldManagement_campidacalcio" ("id") DEFERRABLE INITIALLY DEFERRED);
INSERT INTO accounts_proprietario_possiedeCampi VALUES(1,2,1);
INSERT INTO accounts_proprietario_possiedeCampi VALUES(2,4,2);
INSERT INTO accounts_proprietario_possiedeCampi VALUES(3,4,3);
INSERT INTO accounts_proprietario_possiedeCampi VALUES(4,4,4);
INSERT INTO accounts_proprietario_possiedeCampi VALUES(5,6,5);
CREATE TABLE IF NOT EXISTS "django_admin_log" ("id" integer NOT NULL PRIMARY KEY AUTOINCREMENT, "action_time" datetime NOT NULL, "object_id" text NULL, "object_repr" varchar(200) NOT NULL, "change_message" text NOT NULL, "content_type_id" integer NULL REFERENCES "django_content_type" ("id") DEFERRABLE INITIALLY DEFERRED, "user_id" integer NOT NULL REFERENCES "accounts_userprofile" ("id") DEFERRABLE INITIALLY DEFERRED, "action_flag" smallint unsigned NOT NULL CHECK ("action_flag" >= 0));
CREATE TABLE IF NOT EXISTS "bookingFootballField_payment" ("id" integer NOT NULL PRIMARY KEY AUTOINCREMENT, "stripe_charge_id" varchar(50) NOT NULL, "timestamp" date NOT NULL, "prezzo" real NOT NULL, "cliente_id" integer NULL REFERENCES "accounts_utentiregistrati" ("userprofile_ptr_id") DEFERRABLE INITIALLY DEFERRED);
INSERT INTO bookingFootballField_payment VALUES(1,'ch_1Ff9dpFZPa51KBqK9VGKveke','2019-11-15',5000.0,3);
INSERT INTO bookingFootballField_payment VALUES(2,'ch_1Ff9tpFZPa51KBqKJKFmrBm5','2019-11-15',5000.0,3);
INSERT INTO bookingFootballField_payment VALUES(3,'ch_1FfNRHFZPa51KBqKWYZr7xG6','2019-11-16',5000.0,3);
INSERT INTO bookingFootballField_payment VALUES(4,'ch_1FfQyvFZPa51KBqKd1p1tOF6','2019-11-16',5000.0,3);
CREATE TABLE IF NOT EXISTS "bookingFootballField_review" ("id" integer NOT NULL PRIMARY KEY AUTOINCREMENT, "voto" integer NOT NULL, "campo_id" integer NOT NULL REFERENCES "footballFieldManagement_campidacalcio" ("id") DEFERRABLE INITIALLY DEFERRED, "utente_id" integer NOT NULL REFERENCES "accounts_utentiregistrati" ("userprofile_ptr_id") DEFERRABLE INITIALLY DEFERRED);
INSERT INTO bookingFootballField_review VALUES(2,4,1,3);
INSERT INTO bookingFootballField_review VALUES(4,5,4,3);
CREATE TABLE IF NOT EXISTS "bookingFootballField_pendingreservation" ("id" integer NOT NULL PRIMARY KEY AUTOINCREMENT, "data" date NOT NULL, "ora" time NOT NULL, "accettato" bool NULL, "campo_id" integer NOT NULL REFERENCES "footballFieldManagement_campidacalcio" ("id") DEFERRABLE INITIALLY DEFERRED, "cliente_id" integer NULL REFERENCES "accounts_utentiregistrati" ("userprofile_ptr_id") DEFERRABLE INITIALLY DEFERRED, "payment_id" integer NULL REFERENCES "bookingFootballField_payment" ("id") DEFERRABLE INITIALLY DEFERRED);
INSERT INTO bookingFootballField_pendingreservation VALUES(1,'2019-11-15','20:00:00',1,1,3,1);
INSERT INTO bookingFootballField_pendingreservation VALUES(2,'2019-11-15','22:00:00',1,1,3,2);
INSERT INTO bookingFootballField_pendingreservation VALUES(3,'2019-11-16','21:00:00',1,1,3,3);
INSERT INTO bookingFootballField_pendingreservation VALUES(5,'2019-12-07','15:00:00',1,4,3,4);
INSERT INTO bookingFootballField_pendingreservation VALUES(6,'2019-12-05','15:00:00',NULL,2,3,NULL);
INSERT INTO bookingFootballField_pendingreservation VALUES(9,'2019-11-18','11:00:00',NULL,4,3,NULL);
CREATE TABLE IF NOT EXISTS "django_session" ("session_key" varchar(40) NOT NULL PRIMARY KEY, "session_data" text NOT NULL, "expire_date" datetime NOT NULL);
INSERT INTO django_session VALUES('nm67i2fr35e14d666mb6kksb6jsz6b3d','OTc4NzllMzE0ZTg5YjI2NmNjMzNlY2NkMjhhZDEzNDNhYzRjZTlmYzp7Il9hdXRoX3VzZXJfaWQiOiIzIiwiX2F1dGhfdXNlcl9iYWNrZW5kIjoiZGphbmdvLmNvbnRyaWIuYXV0aC5iYWNrZW5kcy5Nb2RlbEJhY2tlbmQiLCJfYXV0aF91c2VyX2hhc2giOiI5ZjlkOTRlM2JkNWU3NWQwMDhjZjk1NzA1YmFjMzkwYjIyYmZiYjEzIn0=','2019-11-29 18:33:16.453082');
INSERT INTO django_session VALUES('egyd3cv4v1wgrtf65ebx77pjooorklz2','OTc4NzllMzE0ZTg5YjI2NmNjMzNlY2NkMjhhZDEzNDNhYzRjZTlmYzp7Il9hdXRoX3VzZXJfaWQiOiIzIiwiX2F1dGhfdXNlcl9iYWNrZW5kIjoiZGphbmdvLmNvbnRyaWIuYXV0aC5iYWNrZW5kcy5Nb2RlbEJhY2tlbmQiLCJfYXV0aF91c2VyX2hhc2giOiI5ZjlkOTRlM2JkNWU3NWQwMDhjZjk1NzA1YmFjMzkwYjIyYmZiYjEzIn0=','2019-11-30 09:16:50.009806');
INSERT INTO django_session VALUES('b460tnvhiheyeagzyg6jzlbm20v3lciy','OTc4NzllMzE0ZTg5YjI2NmNjMzNlY2NkMjhhZDEzNDNhYzRjZTlmYzp7Il9hdXRoX3VzZXJfaWQiOiIzIiwiX2F1dGhfdXNlcl9iYWNrZW5kIjoiZGphbmdvLmNvbnRyaWIuYXV0aC5iYWNrZW5kcy5Nb2RlbEJhY2tlbmQiLCJfYXV0aF91c2VyX2hhc2giOiI5ZjlkOTRlM2JkNWU3NWQwMDhjZjk1NzA1YmFjMzkwYjIyYmZiYjEzIn0=','2019-11-30 09:59:58.294581');
INSERT INTO django_session VALUES('oj1slfxq4k2xj6geuucpzipb2gi8f08p','MjQwOTE4MDgyMGJlNWQzMDZjNGQ2YmYxMjQxZDQ4Y2ZiYjI2YTg4NDp7Il9hdXRoX3VzZXJfaWQiOiI0IiwiX2F1dGhfdXNlcl9iYWNrZW5kIjoiZGphbmdvLmNvbnRyaWIuYXV0aC5iYWNrZW5kcy5Nb2RlbEJhY2tlbmQiLCJfYXV0aF91c2VyX2hhc2giOiJjMjJlZGEwZTUwYmFiM2U0MzdmNWExMWY3YmI0MWEyMjQ4N2E0MTI1In0=','2019-12-01 17:21:47.227646');
INSERT INTO django_session VALUES('5h2c9mfo115yzzpkad048zna220r0c86','MjQwOTE4MDgyMGJlNWQzMDZjNGQ2YmYxMjQxZDQ4Y2ZiYjI2YTg4NDp7Il9hdXRoX3VzZXJfaWQiOiI0IiwiX2F1dGhfdXNlcl9iYWNrZW5kIjoiZGphbmdvLmNvbnRyaWIuYXV0aC5iYWNrZW5kcy5Nb2RlbEJhY2tlbmQiLCJfYXV0aF91c2VyX2hhc2giOiJjMjJlZGEwZTUwYmFiM2U0MzdmNWExMWY3YmI0MWEyMjQ4N2E0MTI1In0=','2019-12-01 17:31:23.053701');
INSERT INTO django_session VALUES('652ofapgsye0y70twb5h7th2weo1lujs','NTk4OGRkZTMwODU2ZWJkNjkwMzllOGRlZjg5NDFjZmU0ODc2YjI3ZTp7Il9hdXRoX3VzZXJfaWQiOiIzIiwiX2F1dGhfdXNlcl9iYWNrZW5kIjoiZGphbmdvLmNvbnRyaWIuYXV0aC5iYWNrZW5kcy5Nb2RlbEJhY2tlbmQiLCJfYXV0aF91c2VyX2hhc2giOiJiZTNlMzU5OTA5MmZkNTU5MWNjNWFmMzdmMTZlOGU5NmY1ZjczZWE5In0=','2019-12-01 17:49:57.179514');
INSERT INTO django_session VALUES('p14unlxpbby68fxq59sddijikl2lngth','MjQwOTE4MDgyMGJlNWQzMDZjNGQ2YmYxMjQxZDQ4Y2ZiYjI2YTg4NDp7Il9hdXRoX3VzZXJfaWQiOiI0IiwiX2F1dGhfdXNlcl9iYWNrZW5kIjoiZGphbmdvLmNvbnRyaWIuYXV0aC5iYWNrZW5kcy5Nb2RlbEJhY2tlbmQiLCJfYXV0aF91c2VyX2hhc2giOiJjMjJlZGEwZTUwYmFiM2U0MzdmNWExMWY3YmI0MWEyMjQ4N2E0MTI1In0=','2019-12-01 18:21:21.072312');
DELETE FROM sqlite_sequence;
INSERT INTO sqlite_sequence VALUES('django_migrations',20);
INSERT INTO sqlite_sequence VALUES('django_content_type',13);
INSERT INTO sqlite_sequence VALUES('auth_permission',52);
INSERT INTO sqlite_sequence VALUES('auth_group',0);
INSERT INTO sqlite_sequence VALUES('django_admin_log',0);
INSERT INTO sqlite_sequence VALUES('accounts_userprofile',6);
INSERT INTO sqlite_sequence VALUES('accounts_userprofile_user_permissions',24);
INSERT INTO sqlite_sequence VALUES('footballFieldManagement_campidacalcio',5);
INSERT INTO sqlite_sequence VALUES('accounts_proprietario_possiedeCampi',5);
INSERT INTO sqlite_sequence VALUES('bookingFootballField_pendingreservation',9);
INSERT INTO sqlite_sequence VALUES('bookingFootballField_payment',4);
INSERT INTO sqlite_sequence VALUES('bookingFootballField_review',4);
INSERT INTO sqlite_sequence VALUES('footballFieldManagement_eventi',2);
CREATE UNIQUE INDEX "footballFieldManagement_campidacalcio_via_civico_citta_dd7fe9b8_uniq" ON "footballFieldManagement_campidacalcio" ("via", "civico", "citta");
CREATE INDEX "footballFieldManagement_eventi_organizzatore_id_9b2ad41c" ON "footballFieldManagement_eventi" ("organizzatore_id");
CREATE UNIQUE INDEX "django_content_type_app_label_model_76bd3d3b_uniq" ON "django_content_type" ("app_label", "model");
CREATE UNIQUE INDEX "auth_group_permissions_group_id_permission_id_0cd325b0_uniq" ON "auth_group_permissions" ("group_id", "permission_id");
CREATE INDEX "auth_group_permissions_group_id_b120cbf9" ON "auth_group_permissions" ("group_id");
CREATE INDEX "auth_group_permissions_permission_id_84c5c92e" ON "auth_group_permissions" ("permission_id");
CREATE UNIQUE INDEX "auth_permission_content_type_id_codename_01ab375a_uniq" ON "auth_permission" ("content_type_id", "codename");
CREATE INDEX "auth_permission_content_type_id_2f476e4b" ON "auth_permission" ("content_type_id");
CREATE UNIQUE INDEX "accounts_userprofile_groups_userprofile_id_group_id_36cd9fa6_uniq" ON "accounts_userprofile_groups" ("userprofile_id", "group_id");
CREATE INDEX "accounts_userprofile_groups_userprofile_id_b7fb6469" ON "accounts_userprofile_groups" ("userprofile_id");
CREATE INDEX "accounts_userprofile_groups_group_id_74ae51cf" ON "accounts_userprofile_groups" ("group_id");
CREATE UNIQUE INDEX "accounts_userprofile_user_permissions_userprofile_id_permission_id_22053107_uniq" ON "accounts_userprofile_user_permissions" ("userprofile_id", "permission_id");
CREATE INDEX "accounts_userprofile_user_permissions_userprofile_id_4acaf5a0" ON "accounts_userprofile_user_permissions" ("userprofile_id");
CREATE INDEX "accounts_userprofile_user_permissions_permission_id_a9b2b32b" ON "accounts_userprofile_user_permissions" ("permission_id");
CREATE UNIQUE INDEX "accounts_proprietario_possiedeCampi_proprietario_id_campidacalcio_id_0ca4c19e_uniq" ON "accounts_proprietario_possiedeCampi" ("proprietario_id", "campidacalcio_id");
CREATE INDEX "accounts_proprietario_possiedeCampi_proprietario_id_c01dcdc3" ON "accounts_proprietario_possiedeCampi" ("proprietario_id");
CREATE INDEX "accounts_proprietario_possiedeCampi_campidacalcio_id_3102d321" ON "accounts_proprietario_possiedeCampi" ("campidacalcio_id");
CREATE INDEX "django_admin_log_content_type_id_c4bce8eb" ON "django_admin_log" ("content_type_id");
CREATE INDEX "django_admin_log_user_id_c564eba6" ON "django_admin_log" ("user_id");
CREATE INDEX "bookingFootballField_payment_cliente_id_e4fb07f3" ON "bookingFootballField_payment" ("cliente_id");
CREATE UNIQUE INDEX "bookingFootballField_review_campo_id_utente_id_a322c828_uniq" ON "bookingFootballField_review" ("campo_id", "utente_id");
CREATE INDEX "bookingFootballField_review_campo_id_acfcb102" ON "bookingFootballField_review" ("campo_id");
CREATE INDEX "bookingFootballField_review_utente_id_f2c4d35f" ON "bookingFootballField_review" ("utente_id");
CREATE UNIQUE INDEX "bookingFootballField_pendingreservation_campo_id_data_ora_bb13d2a0_uniq" ON "bookingFootballField_pendingreservation" ("campo_id", "data", "ora");
CREATE INDEX "bookingFootballField_pendingreservation_campo_id_441aea6c" ON "bookingFootballField_pendingreservation" ("campo_id");
CREATE INDEX "bookingFootballField_pendingreservation_cliente_id_78da4492" ON "bookingFootballField_pendingreservation" ("cliente_id");
CREATE INDEX "bookingFootballField_pendingreservation_payment_id_3f2a7696" ON "bookingFootballField_pendingreservation" ("payment_id");
CREATE INDEX "django_session_expire_date_a5c62663" ON "django_session" ("expire_date");
COMMIT;
